IP,NoOfConnection
10.10.3.28,61                 
10.10.3.28,61                 
10.10.3.28,61                 
10.10.3.28,61                 
10.10.3.28,61                 
10.10.3.28,61                 
10.10.3.28,61                 
10.10.3.28,61                 
10.10.3.28,61                 
10.10.3.28,61                 
10.10.3.28,61                 
10.10.3.28,61                 
10.10.3.28,61                 
10.10.3.28,61                 
10.10.3.28,61                 
10.10.3.28,61                 
10.10.3.28,61                 
10.10.3.28,61                 
10.10.3.28,61                 
10.10.3.28,61                 
10.10.3.28,61                 
10.10.3.28,61                 
10.10.3.28,61                 
10.10.3.28,61                 
10.10.3.28,61                 
10.10.3.28,61                 
10.10.3.28,61                 
10.10.3.28,61                 
10.10.3.28,61                 
10.10.3.28,61                 
10.10.3.28,61                 
10.10.3.28,61                 
10.10.3.28,61                 
10.10.3.28,61                 
10.10.3.28,61                 
10.10.3.28,61                 
10.10.3.28,61                 
10.10.3.28,61                 
10.10.3.28,61                 
10.10.3.28,61                 
10.10.3.28,61                 
10.10.3.28,61                 
10.10.3.28,61                 
10.10.3.28,61                 
10.10.3.28,61                 
10.10.3.28,61                 
10.10.3.28,61                 
10.10.3.28,61                 
10.10.3.28,61                 
10.10.3.28,61                 
10.10.3.28,61                 
10.10.3.28,61                 
10.10.3.28,61                 
10.10.3.28,61                 
10.10.3.28,61                 
10.10.3.28,61                 
10.10.3.28,61                 
10.10.3.28,61                 
10.10.3.28,61                 
10.10.3.28,61                 
10.10.3.28,61                 
10.10.3.28,61                 
10.10.3.28,61                 
10.10.3.28,61                 
10.10.3.28,61                 
10.10.3.28,61                 
10.10.3.28,61                 
10.10.3.28,61                 
10.10.3.28,61                 
10.10.3.28,61                 
10.10.3.28,61                 
10.10.3.28,61                 
10.10.3.28,61                 
10.10.3.28,61                 
10.10.3.28,61                 
10.10.3.28,61                 
10.10.3.28,61                 
10.10.3.28,61                 
10.10.3.28,61                 
10.10.3.28,61                 
10.10.3.28,61                 
10.10.3.28,61                 
10.10.3.28,61                 
10.10.3.28,61                 
10.10.3.28,61                 
10.10.3.28,61                 
10.10.3.28,61                 
10.10.3.28,61                 
10.10.3.28,61                 
10.10.3.28,61                 
10.10.3.28,61                 
10.10.3.28,61                 
10.10.3.28,61                 
10.10.3.28,61                 
10.10.3.28,61                 
10.10.3.28,61                 
10.10.3.28,61                 
10.10.3.28,61                 
10.10.3.28,61                 
10.10.3.28,61                 
10.10.3.28,61                 
10.10.3.28,61                 
10.10.3.28,61                 
10.10.3.28,61                 
10.10.3.28,61                 
10.10.3.28,61                 
10.10.3.28,61                 
10.10.3.28,61                 
10.10.3.28,61                 
10.10.3.28,61                 
10.10.3.28,61                 
10.10.3.28,61                 
10.10.3.28,61                 
10.10.3.28,61                 
10.10.3.28,61                 
10.10.3.28,61                 
10.10.3.28,61                 
10.10.3.28,61                 
10.10.3.28,61                 
10.10.3.28,61                 
10.10.3.28,61                 
10.10.3.28,61                 
10.10.3.28,61                 
10.10.3.28,61                 
10.10.3.28,61                 
10.10.3.28,61                 
10.10.3.28,61                 
10.10.3.28,61                 
10.10.3.28,61                 
10.10.3.28,61                 
10.10.3.28,61                 
10.10.3.28,61                 
10.10.3.28,61                 
10.10.3.28,61                 
10.10.3.28,61                 
10.10.3.28,61                 
10.10.3.28,61                 
10.10.3.28,61                 
10.10.3.28,61                 
10.10.3.28,61                 
10.10.3.28,61                 
10.10.3.28,61                 
10.10.3.28,61                 
10.10.3.28,61                 
10.10.3.28,61                 
10.10.3.28,61                 
10.10.3.28,61                 
10.10.3.28,61                 
10.10.3.28,61                 
10.10.3.28,61                 
10.10.3.28,61                 
10.10.3.28,61                 
10.10.3.28,61                 
10.10.3.28,61                 
10.10.3.28,61                 
10.10.3.28,61                 
10.10.3.28,61                 
10.10.3.28,61                 
10.10.3.28,61                 
10.10.3.28,61                 
10.10.3.28,61                 
10.10.3.28,61                 
10.10.3.28,61                 
10.10.3.28,61                 
10.10.3.28,61                 
10.10.3.28,61                 
10.10.3.28,61                 
10.10.3.28,61                 
10.10.3.28,61                 
10.10.3.28,61                 
10.10.3.28,61                 
10.10.3.28,61                 
